Cluster ID	Peak X	Peak Y	Peak Z	Peak Z-stat	Cluster Voxels	Cluster Size (mm3)	FSN
1	18.0	-44.0	40.0	5.231738090909557	156	1247.9999999999998	29
