Cluster ID	X	Y	Z	Peak Stat	Cluster Size (mm3)	FSN
1	-6.0	-54.0	30.0	5.358305637275932	1200	1.0
2	-2.0	60.0	16.0	4.630801490192059	1448	6.0
