Cluster ID	X	Y	Z	Peak Stat	Cluster Size (mm3)	FSN
1	2.0	-52.0	30.0	5.040331755772742	1520	4.0
2	-10.0	60.0	24.0	4.269119597403676	1352	1.0
